-- --------------------------------------------------------
-- Host:                         127.0.0.1
-- Server version:               10.4.28-MariaDB - mariadb.org binary distribution
-- Server OS:                    Win64
-- HeidiSQL Version:             12.5.0.6677
-- --------------------------------------------------------

/*!40101 SET @OLD_CHARACTER_SET_CLIENT=@@CHARACTER_SET_CLIENT */;
/*!40101 SET NAMES utf8 */;
/*!50503 SET NAMES utf8mb4 */;
/*!40103 SET @OLD_TIME_ZONE=@@TIME_ZONE */;
/*!40103 SET TIME_ZONE='+00:00' */;
/*!40014 SET @OLD_FOREIGN_KEY_CHECKS=@@FOREIGN_KEY_CHECKS, FOREIGN_KEY_CHECKS=0 */;
/*!40101 SET @OLD_SQL_MODE=@@SQL_MODE, SQL_MODE='NO_AUTO_VALUE_ON_ZERO' */;
/*!40111 SET @OLD_SQL_NOTES=@@SQL_NOTES, SQL_NOTES=0 */;

-- Dumping data for table basedatos.adjetivo: ~5 rows (approximately)
INSERT INTO `adjetivo` (`id`, `adjetivo`, `comparativo`, `superlativo`) VALUES
	(1, 'good/well', 'better', 'best'),
	(2, 'bad/badly', 'worse', 'worst'),
	(3, 'much/many', 'more', 'most'),
	(4, 'little', 'less', 'least'),
	(5, 'far', 'further', 'furthest');

-- Dumping data for table basedatos.auth_group: ~0 rows (approximately)

-- Dumping data for table basedatos.auth_group_permissions: ~0 rows (approximately)

-- Dumping data for table basedatos.auth_permission: ~104 rows (approximately)
INSERT INTO `auth_permission` (`id`, `name`, `content_type_id`, `codename`) VALUES
	(1, 'Can add log entry', 1, 'add_logentry'),
	(2, 'Can change log entry', 1, 'change_logentry'),
	(3, 'Can delete log entry', 1, 'delete_logentry'),
	(4, 'Can view log entry', 1, 'view_logentry'),
	(5, 'Can add permission', 2, 'add_permission'),
	(6, 'Can change permission', 2, 'change_permission'),
	(7, 'Can delete permission', 2, 'delete_permission'),
	(8, 'Can view permission', 2, 'view_permission'),
	(9, 'Can add group', 3, 'add_group'),
	(10, 'Can change group', 3, 'change_group'),
	(11, 'Can delete group', 3, 'delete_group'),
	(12, 'Can view group', 3, 'view_group'),
	(13, 'Can add user', 4, 'add_user'),
	(14, 'Can change user', 4, 'change_user'),
	(15, 'Can delete user', 4, 'delete_user'),
	(16, 'Can view user', 4, 'view_user'),
	(17, 'Can add content type', 5, 'add_contenttype'),
	(18, 'Can change content type', 5, 'change_contenttype'),
	(19, 'Can delete content type', 5, 'delete_contenttype'),
	(20, 'Can view content type', 5, 'view_contenttype'),
	(21, 'Can add session', 6, 'add_session'),
	(22, 'Can change session', 6, 'change_session'),
	(23, 'Can delete session', 6, 'delete_session'),
	(24, 'Can view session', 6, 'view_session'),
	(25, 'Can add intentoproyecto', 7, 'add_intentoproyecto'),
	(26, 'Can change intentoproyecto', 7, 'change_intentoproyecto'),
	(27, 'Can delete intentoproyecto', 7, 'delete_intentoproyecto'),
	(28, 'Can view intentoproyecto', 7, 'view_intentoproyecto'),
	(29, 'Can add tomoagua', 8, 'add_tomoagua'),
	(30, 'Can change tomoagua', 8, 'change_tomoagua'),
	(31, 'Can delete tomoagua', 8, 'delete_tomoagua'),
	(32, 'Can view tomoagua', 8, 'view_tomoagua'),
	(33, 'Can add task', 9, 'add_task'),
	(34, 'Can change task', 9, 'change_task'),
	(35, 'Can delete task', 9, 'delete_task'),
	(36, 'Can view task', 9, 'view_task'),
	(37, 'Can add preguntas respondidas', 10, 'add_preguntasrespondidas'),
	(38, 'Can change preguntas respondidas', 10, 'change_preguntasrespondidas'),
	(39, 'Can delete preguntas respondidas', 10, 'delete_preguntasrespondidas'),
	(40, 'Can view preguntas respondidas', 10, 'view_preguntasrespondidas'),
	(41, 'Can add elegir respuesta', 11, 'add_elegirrespuesta'),
	(42, 'Can change elegir respuesta', 11, 'change_elegirrespuesta'),
	(43, 'Can delete elegir respuesta', 11, 'delete_elegirrespuesta'),
	(44, 'Can view elegir respuesta', 11, 'view_elegirrespuesta'),
	(45, 'Can add pregunta', 12, 'add_pregunta'),
	(46, 'Can change pregunta', 12, 'change_pregunta'),
	(47, 'Can delete pregunta', 12, 'delete_pregunta'),
	(48, 'Can view pregunta', 12, 'view_pregunta'),
	(49, 'Can add quiz usuario', 13, 'add_quizusuario'),
	(50, 'Can change quiz usuario', 13, 'change_quizusuario'),
	(51, 'Can delete quiz usuario', 13, 'delete_quizusuario'),
	(52, 'Can view quiz usuario', 13, 'view_quizusuario'),
	(53, 'Can add verbo', 14, 'add_verbo'),
	(54, 'Can change verbo', 14, 'change_verbo'),
	(55, 'Can delete verbo', 14, 'delete_verbo'),
	(56, 'Can view verbo', 14, 'view_verbo'),
	(57, 'Can add origen', 15, 'add_origen'),
	(58, 'Can change origen', 15, 'change_origen'),
	(59, 'Can delete origen', 15, 'delete_origen'),
	(60, 'Can view origen', 15, 'view_origen'),
	(61, 'Can add verbosregulares', 16, 'add_verbosregulares'),
	(62, 'Can change verbosregulares', 16, 'change_verbosregulares'),
	(63, 'Can delete verbosregulares', 16, 'delete_verbosregulares'),
	(64, 'Can view verbosregulares', 16, 'view_verbosregulares'),
	(65, 'Can add verbosirregulares', 16, 'add_verbosirregulares'),
	(66, 'Can change verbosirregulares', 16, 'change_verbosirregulares'),
	(67, 'Can delete verbosirregulares', 16, 'delete_verbosirregulares'),
	(68, 'Can view verbosirregulares', 16, 'view_verbosirregulares'),
	(69, 'Can add irregular', 16, 'add_irregular'),
	(70, 'Can change irregular', 16, 'change_irregular'),
	(71, 'Can delete irregular', 16, 'delete_irregular'),
	(72, 'Can view irregular', 16, 'view_irregular'),
	(73, 'Can add adjetivo', 17, 'add_adjetivo'),
	(74, 'Can change adjetivo', 17, 'change_adjetivo'),
	(75, 'Can delete adjetivo', 17, 'delete_adjetivo'),
	(76, 'Can view adjetivo', 17, 'view_adjetivo'),
	(77, 'Can add gerundio', 18, 'add_gerundio'),
	(78, 'Can change gerundio', 18, 'change_gerundio'),
	(79, 'Can delete gerundio', 18, 'delete_gerundio'),
	(80, 'Can view gerundio', 18, 'view_gerundio'),
	(81, 'Can add prueba1', 19, 'add_prueba1'),
	(82, 'Can change prueba1', 19, 'change_prueba1'),
	(83, 'Can delete prueba1', 19, 'delete_prueba1'),
	(84, 'Can view prueba1', 19, 'view_prueba1'),
	(85, 'Can add prueba2', 20, 'add_prueba2'),
	(86, 'Can change prueba2', 20, 'change_prueba2'),
	(87, 'Can delete prueba2', 20, 'delete_prueba2'),
	(88, 'Can view prueba2', 20, 'view_prueba2'),
	(89, 'Can add prueba', 21, 'add_prueba'),
	(90, 'Can change prueba', 21, 'change_prueba'),
	(91, 'Can delete prueba', 21, 'delete_prueba'),
	(92, 'Can view prueba', 21, 'view_prueba'),
	(93, 'Can add prueba_regulares', 22, 'add_prueba_regulares'),
	(94, 'Can change prueba_regulares', 22, 'change_prueba_regulares'),
	(95, 'Can delete prueba_regulares', 22, 'delete_prueba_regulares'),
	(96, 'Can view prueba_regulares', 22, 'view_prueba_regulares'),
	(97, 'Can add prueba_regular', 23, 'add_prueba_regular'),
	(98, 'Can change prueba_regular', 23, 'change_prueba_regular'),
	(99, 'Can delete prueba_regular', 23, 'delete_prueba_regular'),
	(100, 'Can view prueba_regular', 23, 'view_prueba_regular'),
	(101, 'Can add tiempoverbal', 24, 'add_tiempoverbal'),
	(102, 'Can change tiempoverbal', 24, 'change_tiempoverbal'),
	(103, 'Can delete tiempoverbal', 24, 'delete_tiempoverbal'),
	(104, 'Can view tiempoverbal', 24, 'view_tiempoverbal');

-- Dumping data for table basedatos.auth_user: ~2 rows (approximately)
INSERT INTO `auth_user` (`id`, `password`, `last_login`, `is_superuser`, `username`, `first_name`, `last_name`, `email`, `is_staff`, `is_active`, `date_joined`) VALUES
	(2, 'pbkdf2_sha256$600000$FE4Ms37LfdQFB9BIBqDrj6$dHAAodoBByngNWS2wnVLIQoIbZ141cAMjeBKoAWqCrI=', '2023-12-14 02:57:35.034718', 1, 'diego1', '', '', 'diego.cardenas.g@tecsup.edu.pe', 1, 1, '2023-11-24 20:32:08.491161'),
	(69, 'pbkdf2_sha256$600000$KK9FGI5P5AeBiLE5N0R94s$QVquCgpWCSI8JsSmz89PcB4njoBY71r2uA/HeeZrtm0=', '2023-12-07 03:54:20.778280', 0, 'Usuario', '', '', '', 0, 1, '2023-12-07 01:00:04.783740');

-- Dumping data for table basedatos.auth_user_groups: ~0 rows (approximately)

-- Dumping data for table basedatos.auth_user_user_permissions: ~0 rows (approximately)

-- Dumping data for table basedatos.django_admin_log: ~335 rows (approximately)
INSERT INTO `django_admin_log` (`id`, `action_time`, `object_id`, `object_repr`, `action_flag`, `change_message`, `content_type_id`, `user_id`) VALUES
	(1, '2023-11-26 15:23:19.629072', '1', 'Cuanto es 1+1', 1, '[{"added": {}}, {"added": {"name": "elegir respuesta", "object": "1"}}, {"added": {"name": "elegir respuesta", "object": "2"}}, {"added": {"name": "elegir respuesta", "object": "4"}}, {"added": {"name": "elegir respuesta", "object": "3"}}]', 12, 2),
	(2, '2023-11-26 20:22:10.559989', '1', 'Cuanto es 1+1', 3, '', 12, 2),
	(3, '2023-11-26 20:22:52.863291', '2', 'hola', 1, '[{"added": {}}, {"added": {"name": "elegir respuesta", "object": "adios"}}, {"added": {"name": "elegir respuesta", "object": "hola"}}, {"added": {"name": "elegir respuesta", "object": "hasta pronto"}}, {"added": {"name": "elegir respuesta", "object": "despues"}}]', 12, 2),
	(4, '2023-12-01 17:40:37.702787', '1', 'Verbo object (1)', 1, '[{"added": {}}]', 14, 2),
	(5, '2023-12-01 17:40:55.950663', '2', 'Verbo object (2)', 1, '[{"added": {}}]', 14, 2),
	(6, '2023-12-01 17:41:12.130156', '3', 'Verbo object (3)', 1, '[{"added": {}}]', 14, 2),
	(7, '2023-12-01 17:41:37.126796', '4', 'Verbo object (4)', 1, '[{"added": {}}]', 14, 2),
	(8, '2023-12-01 17:51:44.757530', '5', 'Verbo object (5)', 1, '[{"added": {}}]', 14, 2),
	(9, '2023-12-02 15:03:24.411033', '9', 'PreguntasRespondidas object (9)', 3, '', 10, 2),
	(10, '2023-12-02 15:03:24.412031', '8', 'PreguntasRespondidas object (8)', 3, '', 10, 2),
	(11, '2023-12-02 15:03:24.413034', '7', 'PreguntasRespondidas object (7)', 3, '', 10, 2),
	(12, '2023-12-02 15:03:24.415032', '6', 'PreguntasRespondidas object (6)', 3, '', 10, 2),
	(13, '2023-12-02 15:03:41.957685', '2', 'hola', 3, '', 12, 2),
	(14, '2023-12-02 15:04:00.965804', '8', 'QuizUsuario object (8)', 3, '', 13, 2),
	(15, '2023-12-02 15:04:00.966807', '7', 'QuizUsuario object (7)', 3, '', 13, 2),
	(16, '2023-12-02 15:04:00.967806', '6', 'QuizUsuario object (6)', 3, '', 13, 2),
	(17, '2023-12-02 15:04:00.968806', '5', 'QuizUsuario object (5)', 3, '', 13, 2),
	(18, '2023-12-02 15:04:00.969812', '4', 'QuizUsuario object (4)', 3, '', 13, 2),
	(19, '2023-12-02 15:04:00.970807', '3', 'QuizUsuario object (3)', 3, '', 13, 2),
	(20, '2023-12-02 15:04:00.971806', '2', 'QuizUsuario object (2)', 3, '', 13, 2),
	(21, '2023-12-02 15:04:00.972807', '1', 'QuizUsuario object (1)', 3, '', 13, 2),
	(22, '2023-12-02 15:04:14.818116', '6', '098', 3, '', 4, 2),
	(23, '2023-12-02 15:04:14.819116', '1', '123', 3, '', 4, 2),
	(24, '2023-12-02 15:04:14.820116', '3', '1234', 3, '', 4, 2),
	(25, '2023-12-02 15:04:14.821116', '4', '12345', 3, '', 4, 2),
	(26, '2023-12-02 15:04:14.822116', '10', '155', 3, '', 4, 2),
	(27, '2023-12-02 15:04:14.823116', '5', '321', 3, '', 4, 2),
	(28, '2023-12-02 15:04:14.824120', '14', '547', 3, '', 4, 2),
	(29, '2023-12-02 15:04:14.825116', '15', '637', 3, '', 4, 2),
	(30, '2023-12-02 15:04:14.825116', '7', '654', 3, '', 4, 2),
	(31, '2023-12-02 15:04:14.826121', '8', '678', 3, '', 4, 2),
	(32, '2023-12-02 15:04:14.827430', '11', '7891', 3, '', 4, 2),
	(33, '2023-12-02 15:04:14.828539', '12', '987', 3, '', 4, 2),
	(34, '2023-12-02 15:06:35.812699', '9', 'QuizUsuario object (9)', 3, '', 13, 2),
	(35, '2023-12-02 15:07:20.046472', '3', 'Hola diego responde adios', 1, '[{"added": {}}, {"added": {"name": "elegir respuesta", "object": "adios"}}, {"added": {"name": "elegir respuesta", "object": "hola"}}, {"added": {"name": "elegir respuesta", "object": "hola1"}}, {"added": {"name": "elegir respuesta", "object": "hola2"}}]', 12, 2),
	(36, '2023-12-02 15:08:07.978543', '16', '123', 3, '', 4, 2),
	(37, '2023-12-02 18:40:15.185018', '3', 'Hola diego responde adios', 3, '', 12, 2),
	(38, '2023-12-02 18:40:31.528332', '15', 'QuizUsuario object (15)', 3, '', 13, 2),
	(39, '2023-12-02 18:40:31.530386', '14', 'QuizUsuario object (14)', 3, '', 13, 2),
	(40, '2023-12-02 18:40:31.532335', '13', 'QuizUsuario object (13)', 3, '', 13, 2),
	(41, '2023-12-02 18:40:31.533332', '12', 'QuizUsuario object (12)', 3, '', 13, 2),
	(42, '2023-12-02 18:40:31.534335', '11', 'QuizUsuario object (11)', 3, '', 13, 2),
	(43, '2023-12-02 18:40:31.536506', '10', 'QuizUsuario object (10)', 3, '', 13, 2),
	(44, '2023-12-02 19:05:23.288153', '4', 'hola', 1, '[{"added": {}}, {"added": {"name": "elegir respuesta", "object": "hola"}}, {"added": {"name": "elegir respuesta", "object": "hola1"}}, {"added": {"name": "elegir respuesta", "object": "hola2"}}, {"added": {"name": "elegir respuesta", "object": "hola3"}}]', 12, 2),
	(45, '2023-12-02 19:05:43.991835', '5', 'adios', 1, '[{"added": {}}, {"added": {"name": "elegir respuesta", "object": "adios"}}, {"added": {"name": "elegir respuesta", "object": "adios1"}}, {"added": {"name": "elegir respuesta", "object": "adios2"}}, {"added": {"name": "elegir respuesta", "object": "adios3"}}]', 12, 2),
	(46, '2023-12-02 19:16:05.175709', '17', '123', 3, '', 4, 2),
	(47, '2023-12-02 19:16:05.178773', '20', '147', 3, '', 4, 2),
	(48, '2023-12-02 19:16:05.178773', '24', '153', 3, '', 4, 2),
	(49, '2023-12-02 19:16:05.178773', '21', '159', 3, '', 4, 2),
	(50, '2023-12-02 19:16:05.178773', '19', '369', 3, '', 4, 2),
	(51, '2023-12-02 19:16:05.185374', '23', '567', 3, '', 4, 2),
	(52, '2023-12-02 19:16:05.186919', '22', '753', 3, '', 4, 2),
	(53, '2023-12-02 19:16:05.186919', '18', '789', 3, '', 4, 2),
	(54, '2023-12-02 22:19:29.883823', '5', 'Verbo object (5)', 3, '', 14, 2),
	(55, '2023-12-02 22:19:29.885822', '4', 'Verbo object (4)', 3, '', 14, 2),
	(56, '2023-12-02 22:19:29.887579', '3', 'Verbo object (3)', 3, '', 14, 2),
	(57, '2023-12-02 22:19:29.888656', '2', 'Verbo object (2)', 3, '', 14, 2),
	(58, '2023-12-02 22:19:29.892250', '1', 'Verbo object (1)', 3, '', 14, 2),
	(59, '2023-12-03 00:31:18.667373', '3', 'Origen object (3)', 1, '[{"added": {}}]', 15, 2),
	(60, '2023-12-03 00:34:32.826649', '3', 'Origen object (3)', 3, '', 15, 2),
	(61, '2023-12-03 00:34:44.017854', '4', 'Origen object (4)', 1, '[{"added": {}}]', 15, 2),
	(62, '2023-12-03 00:35:32.026296', '1', 'Verbo object (1)', 1, '[{"added": {}}]', 14, 2),
	(63, '2023-12-03 00:41:26.605157', '4', 'Origen object (4)', 3, '', 15, 2),
	(64, '2023-12-03 00:41:38.157740', '1', 'Verbo object (1)', 3, '', 14, 2),
	(65, '2023-12-03 00:42:07.115206', '2', 'Verbo object (2)', 1, '[{"added": {}}]', 14, 2),
	(66, '2023-12-03 00:42:16.986135', '2', 'Verbo object (2)', 2, '[{"changed": {"fields": ["Participe"]}}]', 14, 2),
	(67, '2023-12-03 01:17:54.129901', '3', 'Verbo object (3)', 1, '[{"added": {}}]', 14, 2),
	(68, '2023-12-03 01:19:02.233330', '4', 'Verbo object (4)', 1, '[{"added": {}}]', 14, 2),
	(69, '2023-12-03 01:19:54.010031', '5', 'Verbo object (5)', 1, '[{"added": {}}]', 14, 2),
	(70, '2023-12-03 01:20:07.465868', '6', 'Verbo object (6)', 1, '[{"added": {}}]', 14, 2),
	(71, '2023-12-03 01:22:42.964288', '1', 'Verbosregulares object (1)', 1, '[{"added": {}}]', 16, 2),
	(72, '2023-12-03 01:22:56.228877', '2', 'Verbosregulares object (2)', 1, '[{"added": {}}]', 16, 2),
	(73, '2023-12-03 01:23:11.256197', '3', 'Verbosregulares object (3)', 1, '[{"added": {}}]', 16, 2),
	(74, '2023-12-03 01:23:56.705005', '4', 'Verbosregulares object (4)', 1, '[{"added": {}}]', 16, 2),
	(75, '2023-12-03 01:24:09.378069', '5', 'Verbosregulares object (5)', 1, '[{"added": {}}]', 16, 2),
	(76, '2023-12-04 00:50:00.153068', '5', 'Verbosregulares object (5)', 2, '[{"changed": {"fields": ["Infinitivo", "Past", "Participe"]}}]', 16, 2),
	(77, '2023-12-04 00:55:29.533402', '6', 'Verbo object (6)', 3, '', 14, 2),
	(78, '2023-12-04 00:55:29.535399', '5', 'Verbo object (5)', 3, '', 14, 2),
	(79, '2023-12-04 00:55:29.536395', '4', 'Verbo object (4)', 3, '', 14, 2),
	(80, '2023-12-04 00:55:29.536395', '3', 'Verbo object (3)', 3, '', 14, 2),
	(81, '2023-12-04 00:55:29.537899', '2', 'Verbo object (2)', 3, '', 14, 2),
	(82, '2023-12-04 00:57:53.376829', '4', 'Verbosregulares object (4)', 2, '[]', 16, 2),
	(83, '2023-12-04 01:05:00.467840', '7', 'Verbo object (7)', 1, '[{"added": {}}]', 14, 2),
	(84, '2023-12-04 01:05:18.474383', '8', 'Verbo object (8)', 1, '[{"added": {}}]', 14, 2),
	(85, '2023-12-04 01:05:33.006661', '9', 'Verbo object (9)', 1, '[{"added": {}}]', 14, 2),
	(86, '2023-12-04 01:05:46.705408', '10', 'Verbo object (10)', 1, '[{"added": {}}]', 14, 2),
	(87, '2023-12-04 01:05:57.691059', '11', 'Verbo object (11)', 1, '[{"added": {}}]', 14, 2),
	(88, '2023-12-05 02:35:49.714995', '1', 'prueba1 object (1)', 1, '[{"added": {}}]', 19, 2),
	(89, '2023-12-05 02:35:57.037970', '1', 'prueba2 object (1)', 1, '[{"added": {}}]', 20, 2),
	(90, '2023-12-05 03:09:38.378368', '1', 'Prueba object (1)', 1, '[{"added": {}}]', 21, 2),
	(91, '2023-12-05 03:10:15.570791', '2', 'Prueba object (2)', 1, '[{"added": {}}]', 21, 2),
	(92, '2023-12-05 05:08:20.659621', '1', 'Prueba object (1)', 2, '[]', 21, 2),
	(93, '2023-12-05 08:58:37.533295', '6', 'holaadios', 1, '[{"added": {}}, {"added": {"name": "elegir respuesta", "object": "holaadios"}}, {"added": {"name": "elegir respuesta", "object": "holaadios1"}}, {"added": {"name": "elegir respuesta", "object": "holaadios2"}}, {"added": {"name": "elegir respuesta", "object": "holaadios3"}}]', 12, 2),
	(94, '2023-12-05 12:30:20.999444', '4', 'hola', 1, '[{"added": {}}]', 23, 2),
	(95, '2023-12-06 06:02:26.363900', '6', 'holaadios', 3, '', 12, 2),
	(96, '2023-12-06 06:02:26.371706', '5', 'adios', 3, '', 12, 2),
	(97, '2023-12-06 06:02:26.374364', '4', 'hola', 3, '', 12, 2),
	(98, '2023-12-06 06:04:46.364253', '7', 'Responda cuál es la forma infinitiva del verbo en la siguiente oración: She wants to travel to Europe.', 1, '[{"added": {}}, {"added": {"name": "elegir respuesta", "object": "Travel"}}, {"added": {"name": "elegir respuesta", "object": "Cook"}}, {"added": {"name": "elegir respuesta", "object": "Dance"}}, {"added": {"name": "elegir respuesta", "object": "Study"}}]', 12, 2),
	(99, '2023-12-06 06:07:39.416685', '7', 'Responda cuál es la forma infinitiva del verbo en la siguiente oración: She wants to travel to Europe.', 2, '[{"changed": {"name": "elegir respuesta", "object": "Agree", "fields": ["Texto de la respuesta"]}}]', 12, 2),
	(100, '2023-12-06 06:14:36.205593', '7', 'Responda cuál es la forma infinitiva del verbo en la siguiente oración: She wants to travel to Europe.', 2, '[]', 12, 2),
	(101, '2023-12-06 06:14:49.598049', '8', 'Responda cuál es la forma infinitiva del verbo en la siguiente oración, They plan to have a party next weekend.', 1, '[{"added": {}}, {"added": {"name": "elegir respuesta", "object": "Watch"}}, {"added": {"name": "elegir respuesta", "object": "Have"}}, {"added": {"name": "elegir respuesta", "object": "Go"}}, {"added": {"name": "elegir respuesta", "object": "Play"}}]', 12, 2),
	(102, '2023-12-06 06:16:49.579130', '7', 'Responda cuál es la forma infinitiva del verbo en la siguiente oración: She wants to travel to Europe.', 2, '[]', 12, 2),
	(103, '2023-12-06 06:26:04.721089', '9', 'Responda cuál es la forma infinitiva del verbo en la siguiente oración: We are thinking in the math test.', 1, '[{"added": {}}, {"added": {"name": "elegir respuesta", "object": "Call"}}, {"added": {"name": "elegir respuesta", "object": "Think"}}, {"added": {"name": "elegir respuesta", "object": "Breathe"}}, {"added": {"name": "elegir respuesta", "object": "Add"}}]', 12, 2),
	(104, '2023-12-06 06:33:01.518018', '10', 'Selecciona el verbo en tiempo infinitivo que completa la oración: The baby ____ loudly at night.', 1, '[{"added": {}}, {"added": {"name": "elegir respuesta", "object": "Read"}}, {"added": {"name": "elegir respuesta", "object": "Cries"}}, {"added": {"name": "elegir respuesta", "object": "Drive"}}, {"added": {"name": "elegir respuesta", "object": "Change"}}]', 12, 2),
	(105, '2023-12-06 07:03:59.454691', '11', 'Selecciona el verbo en tiempo infinitivo que completa la oración: The birds ______ in the trees every morning.', 1, '[{"added": {}}, {"added": {"name": "elegir respuesta", "object": "Enjoy"}}, {"added": {"name": "elegir respuesta", "object": "Sing"}}, {"added": {"name": "elegir respuesta", "object": "Earn"}}, {"added": {"name": "elegir respuesta", "object": "Increase"}}]', 12, 2),
	(106, '2023-12-06 11:29:09.495070', '11', 'Selecciona el verbo en tiempo infinitivo que completa la oración: The birds ______ in the trees every morning.', 2, '[]', 12, 2),
	(107, '2023-12-06 11:30:30.572505', '12', 'Selecciona el verbo en tiempo infinitivo que completa la oración. The cats ____ on the roof.', 1, '[{"added": {}}, {"added": {"name": "elegir respuesta", "object": "Sleep"}}, {"added": {"name": "elegir respuesta", "object": "Jump"}}, {"added": {"name": "elegir respuesta", "object": "Read"}}, {"added": {"name": "elegir respuesta", "object": "Talk"}}]', 12, 2),
	(108, '2023-12-06 11:41:04.392601', '5', 'Travel', 1, '[{"added": {}}]', 23, 2),
	(109, '2023-12-06 11:41:13.578740', '5', 'Cook', 2, '[{"changed": {"fields": ["Texto"]}}]', 23, 2),
	(110, '2023-12-06 11:43:41.641157', '6', 'Jump', 1, '[{"added": {}}]', 23, 2),
	(111, '2023-12-06 11:43:51.868774', '5', 'Cook', 2, '[{"changed": {"fields": ["Past", "Participe", "Gerundio"]}}]', 23, 2),
	(112, '2023-12-06 11:46:05.183082', '7', 'Play', 1, '[{"added": {}}]', 23, 2),
	(113, '2023-12-06 11:46:22.686624', '7', 'Play', 2, '[{"changed": {"fields": ["Gerundio"]}}]', 23, 2),
	(114, '2023-12-06 11:47:51.505109', '8', 'Dance', 1, '[{"added": {}}]', 23, 2),
	(115, '2023-12-06 11:49:01.931383', '8', 'Dance', 2, '[]', 23, 2),
	(116, '2023-12-06 11:49:21.244158', '8', 'Dance', 2, '[{"changed": {"fields": ["Past"]}}]', 23, 2),
	(117, '2023-12-06 16:09:06.073454', '37', '112', 3, '', 4, 2),
	(118, '2023-12-06 16:09:06.079544', '25', '123', 3, '', 4, 2),
	(119, '2023-12-06 16:09:06.081019', '42', '1234', 3, '', 4, 2),
	(120, '2023-12-06 16:09:06.081147', '26', '764', 3, '', 4, 2),
	(121, '2023-12-06 16:09:06.083245', '29', 'abel', 3, '', 4, 2),
	(122, '2023-12-06 16:09:06.083245', '41', 'diego.cardenas.g@tecsup.edu.pe', 3, '', 4, 2),
	(123, '2023-12-06 16:09:06.083245', '35', 'diego2', 3, '', 4, 2),
	(124, '2023-12-06 16:09:06.083245', '50', 'herme', 3, '', 4, 2),
	(125, '2023-12-06 16:09:06.087897', '27', 'lol123', 3, '', 4, 2),
	(126, '2023-12-06 16:09:06.088896', '34', 'lollll', 3, '', 4, 2),
	(127, '2023-12-06 16:09:06.091899', '30', 'manuel', 3, '', 4, 2),
	(128, '2023-12-06 16:09:06.092884', '32', 'manuel1', 3, '', 4, 2),
	(129, '2023-12-06 16:09:06.094431', '40', 'sas', 3, '', 4, 2),
	(130, '2023-12-06 16:09:06.096059', '28', 'tafur', 3, '', 4, 2),
	(131, '2023-12-06 16:09:06.097058', '45', 'tutio001', 3, '', 4, 2),
	(132, '2023-12-06 16:09:06.098088', '46', 'tutio002', 3, '', 4, 2),
	(133, '2023-12-06 16:09:06.099084', '49', 'tutio003', 3, '', 4, 2),
	(134, '2023-12-06 16:09:06.100089', '44', 'wordwise', 3, '', 4, 2),
	(135, '2023-12-06 18:30:29.796638', '1', 'Gerundio object (1)', 1, '[{"added": {}}]', 18, 2),
	(136, '2023-12-06 18:31:41.322261', '2', 'Gerundio object (2)', 1, '[{"added": {}}]', 18, 2),
	(137, '2023-12-06 18:32:33.916470', '3', 'Gerundio object (3)', 1, '[{"added": {}}]', 18, 2),
	(138, '2023-12-06 18:32:54.156576', '4', 'Gerundio object (4)', 1, '[{"added": {}}]', 18, 2),
	(139, '2023-12-06 18:42:51.327884', '1', 'Adjetivo object (1)', 1, '[{"added": {}}]', 17, 2),
	(140, '2023-12-06 18:43:21.232355', '2', 'Adjetivo object (2)', 1, '[{"added": {}}]', 17, 2),
	(141, '2023-12-06 18:43:49.897102', '3', 'Adjetivo object (3)', 1, '[{"added": {}}]', 17, 2),
	(142, '2023-12-06 18:45:09.626695', '4', 'Adjetivo object (4)', 1, '[{"added": {}}]', 17, 2),
	(143, '2023-12-06 18:45:45.512497', '5', 'Adjetivo object (5)', 1, '[{"added": {}}]', 17, 2),
	(144, '2023-12-06 18:49:22.300045', '11', 'Selecciona el verbo en tiempo infinitivo que completa la oración: The birds ______ in the trees every morning.', 2, '[]', 12, 2),
	(145, '2023-12-06 18:49:26.537058', '11', 'Selecciona el verbo en tiempo infinitivo que completa la oración: The birds ______ in the trees every morning.', 2, '[]', 12, 2),
	(146, '2023-12-06 18:49:49.187116', '11', 'Selecciona el verbo en tiempo infinitivo que completa la oración: The birds ______ in the trees every morning.', 2, '[{"changed": {"name": "elegir respuesta", "object": "eat", "fields": ["Texto de la respuesta"]}}]', 12, 2),
	(147, '2023-12-06 18:50:04.529770', '12', 'Selecciona el verbo en tiempo infinitivo que completa la oración. The cats ____ on the roof.', 2, '[]', 12, 2),
	(148, '2023-12-06 18:50:07.853945', '11', 'Selecciona el verbo en tiempo infinitivo que completa la oración: The birds ______ in the trees every morning.', 2, '[]', 12, 2),
	(149, '2023-12-06 18:50:11.751076', '10', 'Selecciona el verbo en tiempo infinitivo que completa la oración: The baby ____ loudly at night.', 2, '[]', 12, 2),
	(150, '2023-12-06 18:50:17.951748', '9', 'Responda cuál es la forma infinitiva del verbo en la siguiente oración: We are thinking in the math test.', 2, '[]', 12, 2),
	(151, '2023-12-06 18:50:20.831496', '9', 'Responda cuál es la forma infinitiva del verbo en la siguiente oración: We are thinking in the math test.', 2, '[]', 12, 2),
	(152, '2023-12-06 18:50:25.287691', '8', 'Responda cuál es la forma infinitiva del verbo en la siguiente oración, They plan to have a party next weekend.', 2, '[]', 12, 2),
	(153, '2023-12-06 18:50:30.403011', '7', 'Responda cuál es la forma infinitiva del verbo en la siguiente oración: She wants to travel to Europe.', 2, '[]', 12, 2),
	(154, '2023-12-06 18:51:46.382830', '13', 'Complete la siguiente oración: We will __ a new house next year. \r\nRespuestas para marcar: \r\nwill buy, sleep, eat, sing.', 1, '[{"added": {}}, {"added": {"name": "elegir respuesta", "object": "buy"}}, {"added": {"name": "elegir respuesta", "object": "admire"}}, {"added": {"name": "elegir respuesta", "object": "add"}}, {"added": {"name": "elegir respuesta", "object": "accept"}}]', 12, 2),
	(155, '2023-12-06 18:53:22.905706', '13', 'Complete la siguiente oración: We will __ a new house next year.', 2, '[{"changed": {"fields": ["Texto de la pregunta"]}}]', 12, 2),
	(156, '2023-12-06 18:58:10.824718', '14', 'Responda cuál es la forma infinitiva del verbo de la siguiente oración: They are painting their living room.', 1, '[{"added": {}}, {"added": {"name": "elegir respuesta", "object": "Paint"}}, {"added": {"name": "elegir respuesta", "object": "Astonish"}}, {"added": {"name": "elegir respuesta", "object": "Cash"}}, {"added": {"name": "elegir respuesta", "object": "Bathe"}}]', 12, 2),
	(157, '2023-12-06 20:23:56.306599', '14', 'Responda cuál es la forma infinitiva del verbo de la siguiente oración: They are painting their living room.', 2, '[{"changed": {"name": "elegir respuesta", "object": "Work", "fields": ["Texto de la respuesta"]}}]', 12, 2),
	(158, '2023-12-06 20:24:08.705768', '13', 'Complete la siguiente oración: We will __________ a new house next year.', 2, '[{"changed": {"fields": ["Texto de la pregunta"]}}]', 12, 2),
	(159, '2023-12-06 20:24:13.782502', '12', 'Selecciona el verbo en tiempo infinitivo que completa la oración. The cats ____ on the roof.', 2, '[]', 12, 2),
	(160, '2023-12-06 20:24:31.833831', '11', 'Selecciona el verbo que completa la oración: The birds ______ in the trees every morning.', 2, '[{"changed": {"fields": ["Texto de la pregunta"]}}]', 12, 2),
	(161, '2023-12-06 20:24:56.143825', '12', 'Selecciona el verbo que completa la oración. The cats ______ on the roof.', 2, '[{"changed": {"fields": ["Texto de la pregunta"]}}]', 12, 2),
	(162, '2023-12-06 20:24:59.348873', '14', 'Responda cuál es la forma infinitiva del verbo de la siguiente oración: They are painting their living room.', 2, '[]', 12, 2),
	(163, '2023-12-06 20:25:14.640676', '13', 'Complete la siguiente oración: We will __________ a new house next year.', 2, '[{"changed": {"name": "elegir respuesta", "object": "Buy", "fields": ["Texto de la respuesta"]}}, {"changed": {"name": "elegir respuesta", "object": "Admire", "fields": ["Texto de la respuesta"]}}, {"changed": {"name": "elegir respuesta", "object": "Add", "fields": ["Texto de la respuesta"]}}, {"changed": {"name": "elegir respuesta", "object": "Accept", "fields": ["Texto de la respuesta"]}}]', 12, 2),
	(164, '2023-12-06 20:25:44.873837', '10', 'Selecciona el verbo que completa la oración: The baby ______ loudly at night.', 2, '[{"changed": {"fields": ["Texto de la pregunta"]}}]', 12, 2),
	(165, '2023-12-06 20:26:01.853676', '10', 'Selecciona el verbo que completa la oración: The baby ________ loudly at night.', 2, '[{"changed": {"fields": ["Texto de la pregunta"]}}]', 12, 2),
	(166, '2023-12-06 20:26:08.561425', '11', 'Selecciona el verbo que completa la oración: The birds _________ in the trees every morning.', 2, '[{"changed": {"fields": ["Texto de la pregunta"]}}]', 12, 2),
	(167, '2023-12-06 20:26:14.351296', '13', 'Complete la siguiente oración: We will __________ a new house next year.', 2, '[]', 12, 2),
	(168, '2023-12-06 20:26:21.391133', '11', 'Selecciona el verbo que completa la oración: The birds _________ in the trees every morning.', 2, '[]', 12, 2),
	(169, '2023-12-06 20:26:27.546612', '12', 'Selecciona el verbo que completa la oración. The cats _________ on the roof.', 2, '[{"changed": {"fields": ["Texto de la pregunta"]}}]', 12, 2),
	(170, '2023-12-06 20:26:38.453924', '10', 'Selecciona el verbo que completa la oración: The baby _________ loudly at night.', 2, '[{"changed": {"fields": ["Texto de la pregunta"]}}]', 12, 2),
	(171, '2023-12-06 20:27:05.200519', '42', 'Eat', 2, '[{"changed": {"fields": ["Texto de la respuesta"]}}]', 11, 2),
	(172, '2023-12-07 00:07:23.240051', '10', 'Selecciona el verbo que completa la oración: The baby _________ loudly at night.', 2, '[]', 12, 2),
	(173, '2023-12-07 00:08:32.487928', '11', 'Selecciona el verbo que completa la oración: The birds _________ in the trees every morning.', 2, '[{"changed": {"name": "elegir respuesta", "object": "Sing", "fields": ["Texto de la respuesta"]}}]', 12, 2),
	(174, '2023-12-07 00:13:40.295940', '52', '123', 3, '', 4, 2),
	(175, '2023-12-07 00:13:40.296936', '54', '1234', 3, '', 4, 2),
	(176, '2023-12-07 00:13:40.298930', '59', '369', 3, '', 4, 2),
	(177, '2023-12-07 00:13:40.299926', '58', '456', 3, '', 4, 2),
	(178, '2023-12-07 00:13:40.301568', '60', '597', 3, '', 4, 2),
	(179, '2023-12-07 00:13:40.301568', '56', 'persona1', 3, '', 4, 2),
	(180, '2023-12-07 00:13:40.301568', '55', 'tutio001', 3, '', 4, 2),
	(181, '2023-12-07 00:13:40.301568', '51', 'Usuarioprueba', 3, '', 4, 2),
	(182, '2023-12-07 00:30:51.356987', '61', 'Usuarioprueba', 3, '', 4, 2),
	(183, '2023-12-07 00:34:54.227108', '62', 'usuarioprueba', 3, '', 4, 2),
	(184, '2023-12-07 00:37:23.893174', '63', 'usuarioprueba', 3, '', 4, 2),
	(185, '2023-12-07 00:40:03.194416', '64', 'usuarioprueba', 3, '', 4, 2),
	(186, '2023-12-07 00:42:22.480691', '65', 'Usuario', 3, '', 4, 2),
	(187, '2023-12-07 00:55:56.525187', '66', 'Usuario', 3, '', 4, 2),
	(188, '2023-12-07 00:55:56.526184', '67', 'usuario2', 3, '', 4, 2),
	(189, '2023-12-07 00:58:03.857409', '68', 'Usuario', 3, '', 4, 2),
	(190, '2023-12-07 01:45:35.829697', '7', 'Responda cuál es la forma infinitiva del verbo en la siguiente oración: She wants to travel to Europe.', 2, '[]', 12, 2),
	(191, '2023-12-07 01:45:39.690647', '14', 'Responda cuál es la forma infinitiva del verbo de la siguiente oración: They are painting their living room.', 2, '[]', 12, 2),
	(192, '2023-12-07 01:45:42.764912', '13', 'Complete la siguiente oración: We will __________ a new house next year.', 2, '[]', 12, 2),
	(193, '2023-12-07 01:45:46.574661', '12', 'Selecciona el verbo que completa la oración. The cats _________ on the roof.', 2, '[]', 12, 2),
	(194, '2023-12-07 01:45:50.605718', '12', 'Selecciona el verbo que completa la oración. The cats _________ on the roof.', 2, '[]', 12, 2),
	(195, '2023-12-07 01:45:53.986662', '11', 'Selecciona el verbo que completa la oración: The birds _________ in the trees every morning.', 2, '[]', 12, 2),
	(196, '2023-12-07 01:45:57.784732', '11', 'Selecciona el verbo que completa la oración: The birds _________ in the trees every morning.', 2, '[]', 12, 2),
	(197, '2023-12-07 01:46:02.038649', '11', 'Selecciona el verbo que completa la oración: The birds _________ in the trees every morning.', 2, '[]', 12, 2),
	(198, '2023-12-07 01:46:07.898730', '10', 'Selecciona el verbo que completa la oración: The baby _________ loudly at night.', 2, '[]', 12, 2),
	(199, '2023-12-07 01:46:26.935246', '9', 'Responda cuál es la forma infinitiva del verbo en la siguiente oración: We are thinking in the math test.', 2, '[]', 12, 2),
	(200, '2023-12-07 01:54:34.335117', '73', 'herme', 3, '', 4, 2),
	(201, '2023-12-10 01:31:44.724797', '5', 'Irregular object (5)', 2, '[]', 16, 2),
	(202, '2023-12-10 01:37:40.077790', '5', 'Adjetivo object (5)', 2, '[]', 17, 2),
	(203, '2023-12-10 01:37:58.414395', '8', 'Dance', 2, '[]', 23, 2),
	(204, '2023-12-10 01:38:10.270182', '8', 'Dance', 2, '[]', 23, 2),
	(205, '2023-12-10 01:38:35.486050', '8', 'Dance', 2, '[]', 23, 2),
	(206, '2023-12-10 01:39:57.316287', '8', 'Dance', 2, '[]', 23, 2),
	(207, '2023-12-10 01:40:39.528365', '7', 'Play', 2, '[]', 23, 2),
	(208, '2023-12-10 01:40:44.293627', '7', 'Play', 2, '[]', 23, 2),
	(209, '2023-12-10 01:41:40.491510', '6', 'Jump', 2, '[]', 23, 2),
	(210, '2023-12-10 01:44:18.626726', '6', 'Jump', 2, '[{"changed": {"fields": ["Gerundio"]}}]', 23, 2),
	(211, '2023-12-10 01:46:33.376053', '14', 'Responda cuál es la forma infinitiva del verbo de la siguiente oración: They are painting their living room.', 2, '[]', 12, 2),
	(212, '2023-12-10 01:48:09.905521', '13', 'Complete la siguiente oración: We will __________ a new house next year.', 2, '[]', 12, 2),
	(213, '2023-12-10 01:54:06.109279', '12', 'Selecciona el verbo que completa la oración. The cats _________ on the roof.', 2, '[]', 12, 2),
	(214, '2023-12-10 01:56:47.815237', '11', 'Selecciona el verbo que completa la oración: The birds _________ in the trees every morning.', 2, '[]', 12, 2),
	(215, '2023-12-10 01:57:48.825225', '10', 'Selecciona el verbo que completa la oración: The baby _________ loudly at night.', 2, '[]', 12, 2),
	(216, '2023-12-10 02:01:06.386432', '9', 'Responda cuál es la forma infinitiva del verbo en la siguiente oración: We are thinking in the math test.', 2, '[]', 12, 2),
	(217, '2023-12-10 02:02:24.949649', '8', 'Responda cuál es la forma infinitiva del verbo en la siguiente oración, They plan to have a party next weekend.', 2, '[]', 12, 2),
	(218, '2023-12-10 02:04:05.406166', '7', 'Responda cuál es la forma infinitiva del verbo en la siguiente oración: She wants to travel to Europe.', 2, '[]', 12, 2),
	(219, '2023-12-10 02:04:20.981414', '2', 'Irregular object (2)', 2, '[]', 16, 2),
	(220, '2023-12-10 02:04:23.058057', '1', 'Irregular object (1)', 2, '[]', 16, 2),
	(221, '2023-12-10 02:04:26.041670', '5', 'Irregular object (5)', 2, '[]', 16, 2),
	(222, '2023-12-10 02:37:08.251965', '5', 'Irregular object (5)', 2, '[]', 16, 2),
	(223, '2023-12-10 02:39:23.335473', '5', 'Irregular object (5)', 2, '[]', 16, 2),
	(224, '2023-12-10 02:41:46.565477', '5', 'Irregular object (5)', 2, '[]', 16, 2),
	(225, '2023-12-10 02:42:09.035594', '4', 'Irregular object (4)', 2, '[]', 16, 2),
	(226, '2023-12-10 02:42:38.935474', '3', 'Irregular object (3)', 2, '[]', 16, 2),
	(227, '2023-12-10 02:42:57.176867', '2', 'Irregular object (2)', 2, '[]', 16, 2),
	(228, '2023-12-10 02:43:15.186161', '1', 'Irregular object (1)', 2, '[]', 16, 2),
	(229, '2023-12-10 02:44:03.755450', '11', 'Verbo object (11)', 2, '[]', 14, 2),
	(230, '2023-12-10 02:44:14.955456', '11', 'Verbo object (11)', 2, '[]', 14, 2),
	(231, '2023-12-10 02:44:18.200293', '10', 'Verbo object (10)', 2, '[]', 14, 2),
	(232, '2023-12-10 02:44:22.623472', '5', 'Irregular object (5)', 2, '[]', 16, 2),
	(233, '2023-12-10 02:44:35.895424', '5', 'Irregular object (5)', 2, '[]', 16, 2),
	(234, '2023-12-10 02:44:40.551060', '4', 'Irregular object (4)', 2, '[]', 16, 2),
	(235, '2023-12-10 02:46:23.855264', '11', 'Verbo object (11)', 2, '[]', 14, 2),
	(236, '2023-12-10 02:46:38.884844', '10', 'Verbo object (10)', 2, '[]', 14, 2),
	(237, '2023-12-10 02:46:53.476719', '9', 'Verbo object (9)', 2, '[]', 14, 2),
	(238, '2023-12-10 02:46:58.799503', '9', 'Verbo object (9)', 2, '[]', 14, 2),
	(239, '2023-12-10 02:47:19.055041', '8', 'Verbo object (8)', 2, '[]', 14, 2),
	(240, '2023-12-10 02:47:33.486395', '7', 'Verbo object (7)', 2, '[]', 14, 2),
	(241, '2023-12-10 02:48:06.956366', '11', 'Verbo object (11)', 2, '[]', 14, 2),
	(242, '2023-12-10 04:08:33.186755', '5', 'Adjetivo object (5)', 2, '[]', 17, 2),
	(243, '2023-12-10 04:23:24.106685', '1', 'Sing', 1, '[{"added": {}}]', 16, 2),
	(244, '2023-12-10 19:03:17.891299', '14', 'Responda cuál es la forma infinitiva del verbo de la siguiente oración: They are painting their living room.', 3, '', 12, 2),
	(245, '2023-12-10 19:03:17.891299', '13', 'Complete la siguiente oración: We will __________ a new house next year.', 3, '', 12, 2),
	(246, '2023-12-10 19:03:17.899441', '12', 'Selecciona el verbo que completa la oración. The cats _________ on the roof.', 3, '', 12, 2),
	(247, '2023-12-10 19:03:17.899441', '11', 'Selecciona el verbo que completa la oración: The birds _________ in the trees every morning.', 3, '', 12, 2),
	(248, '2023-12-10 19:03:17.904535', '10', 'Selecciona el verbo que completa la oración: The baby _________ loudly at night.', 3, '', 12, 2),
	(249, '2023-12-10 19:03:17.904535', '9', 'Responda cuál es la forma infinitiva del verbo en la siguiente oración: We are thinking in the math test.', 3, '', 12, 2),
	(250, '2023-12-10 19:03:17.907631', '8', 'Responda cuál es la forma infinitiva del verbo en la siguiente oración, They plan to have a party next weekend.', 3, '', 12, 2),
	(251, '2023-12-10 19:03:17.909376', '7', 'Responda cuál es la forma infinitiva del verbo en la siguiente oración: She wants to travel to Europe.', 3, '', 12, 2),
	(252, '2023-12-10 19:14:24.101368', '15', 'We will ____________ a new house next year.', 1, '[{"added": {}}, {"added": {"name": "elegir respuesta", "object": "Buy"}}, {"added": {"name": "elegir respuesta", "object": "Admire"}}, {"added": {"name": "elegir respuesta", "object": "Add"}}, {"added": {"name": "elegir respuesta", "object": "Accept"}}]', 12, 2),
	(253, '2023-12-10 19:16:57.108335', '16', 'The cats ___________ on the roof.', 1, '[{"added": {}}, {"added": {"name": "elegir respuesta", "object": "Sleep"}}, {"added": {"name": "elegir respuesta", "object": "Jump"}}, {"added": {"name": "elegir respuesta", "object": "Read"}}, {"added": {"name": "elegir respuesta", "object": "Talk"}}]', 12, 2),
	(254, '2023-12-10 19:23:27.638599', '15', 'We will ___________ a new house next year.', 2, '[{"changed": {"fields": ["Texto de la pregunta"]}}]', 12, 2),
	(255, '2023-12-10 19:23:36.674241', '16', 'The cats ___________ on the roof.', 2, '[]', 12, 2),
	(256, '2023-12-10 19:23:44.318977', '15', 'We will ___________ a new house next year.', 2, '[]', 12, 2),
	(257, '2023-12-10 19:29:29.268202', '17', 'I am going to ___________ in the park.', 1, '[{"added": {}}, {"added": {"name": "elegir respuesta", "object": "Play"}}, {"added": {"name": "elegir respuesta", "object": "Tell"}}, {"added": {"name": "elegir respuesta", "object": "Put"}}, {"added": {"name": "elegir respuesta", "object": "Mean"}}]', 12, 2),
	(258, '2023-12-10 19:37:11.521552', '18', 'The birds _________ in the trees every morning.', 1, '[{"added": {}}, {"added": {"name": "elegir respuesta", "object": "Teach"}}, {"added": {"name": "elegir respuesta", "object": "Think"}}, {"added": {"name": "elegir respuesta", "object": "Call"}}, {"added": {"name": "elegir respuesta", "object": "Sing"}}]', 12, 2),
	(259, '2023-12-10 19:37:20.597528', '17', 'I am going to ___________ in the park.', 2, '[]', 12, 2),
	(260, '2023-12-10 19:37:32.027676', '18', 'The birds ___________  in the trees every morning.', 2, '[{"changed": {"fields": ["Texto de la pregunta"]}}]', 12, 2),
	(261, '2023-12-10 19:38:04.027510', '15', 'We will ___________ a new house next year.', 2, '[]', 12, 2),
	(262, '2023-12-10 19:45:35.181941', '19', 'They will ___ you the way to the market.', 1, '[{"added": {}}, {"added": {"name": "elegir respuesta", "object": "dads"}}, {"added": {"name": "elegir respuesta", "object": "dadsa"}}, {"added": {"name": "elegir respuesta", "object": "asdas"}}, {"added": {"name": "elegir respuesta", "object": "asdasd"}}]', 12, 2),
	(263, '2023-12-10 19:53:42.372085', '19', 'They will ___________ you the way to the market.', 2, '[{"changed": {"fields": ["Texto de la pregunta"]}}, {"changed": {"name": "elegir respuesta", "object": "Show", "fields": ["Texto de la respuesta"]}}, {"changed": {"name": "elegir respuesta", "object": "Begin", "fields": ["Texto de la respuesta"]}}, {"changed": {"name": "elegir respuesta", "object": "Burn", "fields": ["Texto de la respuesta"]}}, {"changed": {"name": "elegir respuesta", "object": "Cut", "fields": ["Texto de la respuesta"]}}]', 12, 2),
	(264, '2023-12-10 20:03:31.588780', '20', 'You are going to ______ to be a lawyer.', 1, '[{"added": {}}, {"added": {"name": "elegir respuesta", "object": "sdfdsfsd"}}, {"added": {"name": "elegir respuesta", "object": "sfddsfsd"}}, {"added": {"name": "elegir respuesta", "object": "sdfsdfsdf"}}, {"added": {"name": "elegir respuesta", "object": "sdfsdfsd"}}]', 12, 2),
	(265, '2023-12-10 20:03:49.833867', '18', 'The birds ___________  in the trees every morning.', 2, '[]', 12, 2),
	(266, '2023-12-10 20:06:14.292373', '20', 'You are going to ______ to be a lawyer.', 2, '[{"changed": {"name": "elegir respuesta", "object": "Study", "fields": ["Texto de la respuesta"]}}, {"changed": {"name": "elegir respuesta", "object": "Leave", "fields": ["Texto de la respuesta"]}}, {"changed": {"name": "elegir respuesta", "object": "Build", "fields": ["Texto de la respuesta"]}}, {"changed": {"name": "elegir respuesta", "object": "Spend", "fields": ["Texto de la respuesta"]}}]', 12, 2),
	(267, '2023-12-10 20:07:01.156962', '20', 'You are going to ___________ to be a lawyer.', 2, '[{"changed": {"fields": ["Texto de la pregunta"]}}]', 12, 2),
	(268, '2023-12-10 20:12:20.976171', '21', 'We are going to _______ home tonight.', 1, '[{"added": {}}, {"added": {"name": "elegir respuesta", "object": "Stay"}}, {"added": {"name": "elegir respuesta", "object": "Rain"}}, {"added": {"name": "elegir respuesta", "object": "Know"}}, {"added": {"name": "elegir respuesta", "object": "Visit"}}]', 12, 2),
	(269, '2023-12-10 20:18:02.005837', '22', 'She wants to _________ to Europe.', 1, '[{"added": {}}, {"added": {"name": "elegir respuesta", "object": "Travel"}}, {"added": {"name": "elegir respuesta", "object": "Write"}}, {"added": {"name": "elegir respuesta", "object": "Begin"}}, {"added": {"name": "elegir respuesta", "object": "Show"}}]', 12, 2),
	(270, '2023-12-10 20:18:40.214401', '22', 'She wants to ___________ to Europe.', 2, '[{"changed": {"fields": ["Texto de la pregunta"]}}]', 12, 2),
	(271, '2023-12-10 20:19:03.619317', '21', 'We are going to ___________ home tonight.', 2, '[{"changed": {"fields": ["Texto de la pregunta"]}}]', 12, 2),
	(272, '2023-12-10 20:20:02.895686', '22', 'She wants to ___________ to Europe.', 2, '[]', 12, 2),
	(273, '2023-12-10 20:26:37.712449', '2', 'Buy', 1, '[{"added": {}}]', 16, 2),
	(274, '2023-12-10 20:27:13.399381', '2', 'Buy', 2, '[]', 16, 2),
	(275, '2023-12-10 20:29:53.775023', '3', 'Sing', 1, '[{"added": {}}]', 16, 2),
	(276, '2023-12-10 20:32:40.808875', '4', 'Build', 1, '[{"added": {}}]', 16, 2),
	(277, '2023-12-10 20:40:29.189964', '5', 'Begin', 1, '[{"added": {}}]', 16, 2),
	(278, '2023-12-10 20:41:22.358707', '6', 'Cut', 1, '[{"added": {}}]', 16, 2),
	(279, '2023-12-10 21:34:32.542876', '4', 'Build', 3, '', 16, 2),
	(280, '2023-12-10 21:35:07.174086', '6', 'Cut', 3, '', 16, 2),
	(281, '2023-12-10 22:00:37.992525', '9', 'Play', 1, '[{"added": {}}]', 23, 2),
	(282, '2023-12-10 22:05:47.960119', '10', 'Study', 1, '[{"added": {}}]', 23, 2),
	(283, '2023-12-10 22:06:19.007951', '10', 'Study', 2, '[]', 23, 2),
	(284, '2023-12-10 22:08:57.718669', '11', 'Jump', 1, '[{"added": {}}]', 23, 2),
	(285, '2023-12-10 22:09:05.711576', '11', 'Jump', 2, '[]', 23, 2),
	(286, '2023-12-10 22:09:08.219554', '10', 'Study', 2, '[]', 23, 2),
	(287, '2023-12-10 22:09:11.193948', '9', 'Play', 2, '[]', 23, 2),
	(288, '2023-12-10 22:11:02.733309', '12', 'Jump', 1, '[{"added": {}}]', 23, 2),
	(289, '2023-12-10 22:11:11.453329', '12', 'Jump', 3, '', 23, 2),
	(290, '2023-12-10 22:12:59.639784', '13', 'Call', 1, '[{"added": {}}]', 23, 2),
	(291, '2023-12-10 22:19:38.596010', '14', 'Teach', 1, '[{"added": {}}]', 23, 2),
	(292, '2023-12-10 22:20:35.303805', '14', 'Teach', 3, '', 23, 2),
	(293, '2023-12-10 22:24:39.834775', '1', 'Call', 1, '[{"added": {}}]', 24, 2),
	(294, '2023-12-10 22:25:24.788987', '2', 'Buy', 1, '[{"added": {}}]', 24, 2),
	(295, '2023-12-10 22:25:27.415754', '2', 'Buy', 2, '[]', 16, 2),
	(296, '2023-12-10 22:26:51.572560', '3', 'Study', 1, '[{"added": {}}]', 24, 2),
	(297, '2023-12-10 22:26:55.715549', '10', 'Study', 2, '[]', 23, 2),
	(298, '2023-12-10 22:27:43.485602', '9', 'Play', 2, '[]', 23, 2),
	(299, '2023-12-10 22:27:55.178528', '9', 'Play', 2, '[]', 23, 2),
	(300, '2023-12-10 22:28:00.592106', '4', 'Play', 1, '[{"added": {}}]', 24, 2),
	(301, '2023-12-10 22:28:03.630771', '2', 'Buy', 2, '[]', 24, 2),
	(302, '2023-12-10 22:28:05.783692', '1', 'Call', 2, '[]', 24, 2),
	(303, '2023-12-10 22:28:19.110802', '4', 'Play', 2, '[{"changed": {"fields": ["Past", "Participe"]}}]', 24, 2),
	(304, '2023-12-10 22:28:24.232045', '5', 'Begin', 2, '[]', 16, 2),
	(305, '2023-12-10 22:28:26.055795', '3', 'Sing', 2, '[]', 16, 2),
	(306, '2023-12-10 22:28:28.627252', '2', 'Buy', 2, '[]', 16, 2),
	(307, '2023-12-10 22:28:31.470671', '13', 'Call', 2, '[]', 23, 2),
	(308, '2023-12-10 22:28:32.888651', '11', 'Jump', 2, '[]', 23, 2),
	(309, '2023-12-10 22:28:34.076916', '10', 'Study', 2, '[]', 23, 2),
	(310, '2023-12-10 22:28:47.642199', '9', 'Play', 2, '[{"changed": {"fields": ["Past", "Participe", "Gerundio"]}}]', 23, 2),
	(311, '2023-12-10 22:29:22.464474', '4', 'Play', 3, '', 24, 2),
	(312, '2023-12-12 03:50:06.980286', '46', 'QuizUsuario object (46)', 2, '[]', 13, 2),
	(313, '2023-12-12 03:50:09.508221', '46', 'QuizUsuario object (46)', 2, '[]', 13, 2),
	(314, '2023-12-12 03:50:11.387153', '45', 'QuizUsuario object (45)', 2, '[]', 13, 2),
	(315, '2023-12-12 03:50:13.277860', '43', 'QuizUsuario object (43)', 2, '[]', 13, 2),
	(316, '2023-12-12 03:50:15.663475', '40', 'QuizUsuario object (40)', 2, '[]', 13, 2),
	(317, '2023-12-12 03:50:17.708425', '39', 'QuizUsuario object (39)', 2, '[]', 13, 2),
	(318, '2023-12-12 03:50:19.774878', '38', 'QuizUsuario object (38)', 2, '[]', 13, 2),
	(319, '2023-12-12 03:50:22.089266', '37', 'QuizUsuario object (37)', 2, '[]', 13, 2),
	(320, '2023-12-12 03:50:23.357089', '38', 'QuizUsuario object (38)', 2, '[]', 13, 2),
	(321, '2023-12-12 03:50:25.097282', '39', 'QuizUsuario object (39)', 2, '[]', 13, 2),
	(322, '2023-12-12 03:50:27.158259', '40', 'QuizUsuario object (40)', 2, '[]', 13, 2),
	(323, '2023-12-12 03:50:29.467453', '42', 'QuizUsuario object (42)', 2, '[]', 13, 2),
	(324, '2023-12-12 03:50:31.457307', '42', 'QuizUsuario object (42)', 2, '[]', 13, 2),
	(325, '2023-12-12 03:50:34.203440', '43', 'QuizUsuario object (43)', 2, '[]', 13, 2),
	(326, '2023-12-12 03:50:36.351028', '43', 'QuizUsuario object (43)', 2, '[]', 13, 2),
	(327, '2023-12-12 03:50:38.850022', '44', 'QuizUsuario object (44)', 2, '[]', 13, 2),
	(328, '2023-12-12 04:58:59.244112', '80', 'Spend', 2, '[]', 11, 2),
	(329, '2023-12-14 02:58:04.581831', '74', '123', 3, '', 4, 2),
	(330, '2023-12-14 02:58:04.587866', '75', '456', 3, '', 4, 2),
	(331, '2023-12-14 02:58:04.590256', '76', '741', 3, '', 4, 2),
	(332, '2023-12-14 02:58:04.590256', '77', '753', 3, '', 4, 2),
	(333, '2023-12-14 02:58:04.590256', '70', 'Usuario2', 3, '', 4, 2),
	(334, '2023-12-14 02:58:04.590256', '71', 'Usuario3', 3, '', 4, 2),
	(335, '2023-12-14 02:58:04.599601', '72', 'Usuario4', 3, '', 4, 2);

-- Dumping data for table basedatos.django_content_type: ~24 rows (approximately)
INSERT INTO `django_content_type` (`id`, `app_label`, `model`) VALUES
	(1, 'admin', 'logentry'),
	(3, 'auth', 'group'),
	(2, 'auth', 'permission'),
	(4, 'auth', 'user'),
	(5, 'contenttypes', 'contenttype'),
	(17, 'myapp', 'adjetivo'),
	(11, 'myapp', 'elegirrespuesta'),
	(18, 'myapp', 'gerundio'),
	(7, 'myapp', 'intentoproyecto'),
	(16, 'myapp', 'irregular'),
	(15, 'myapp', 'origen'),
	(12, 'myapp', 'pregunta'),
	(10, 'myapp', 'preguntasrespondidas'),
	(21, 'myapp', 'prueba'),
	(19, 'myapp', 'prueba1'),
	(20, 'myapp', 'prueba2'),
	(23, 'myapp', 'prueba_regular'),
	(22, 'myapp', 'prueba_regulares'),
	(13, 'myapp', 'quizusuario'),
	(9, 'myapp', 'task'),
	(24, 'myapp', 'tiempoverbal'),
	(8, 'myapp', 'tomoagua'),
	(14, 'myapp', 'verbo'),
	(6, 'sessions', 'session');

-- Dumping data for table basedatos.django_migrations: ~51 rows (approximately)
INSERT INTO `django_migrations` (`id`, `app`, `name`, `applied`) VALUES
	(1, 'contenttypes', '0001_initial', '2023-11-24 16:43:27.425718'),
	(2, 'auth', '0001_initial', '2023-11-24 16:43:27.713429'),
	(3, 'admin', '0001_initial', '2023-11-24 16:43:27.777299'),
	(4, 'admin', '0002_logentry_remove_auto_add', '2023-11-24 16:43:27.783303'),
	(5, 'admin', '0003_logentry_add_action_flag_choices', '2023-11-24 16:43:27.788357'),
	(6, 'contenttypes', '0002_remove_content_type_name', '2023-11-24 16:43:27.827707'),
	(7, 'auth', '0002_alter_permission_name_max_length', '2023-11-24 16:43:27.860612'),
	(8, 'auth', '0003_alter_user_email_max_length', '2023-11-24 16:43:27.887514'),
	(9, 'auth', '0004_alter_user_username_opts', '2023-11-24 16:43:27.893194'),
	(10, 'auth', '0005_alter_user_last_login_null', '2023-11-24 16:43:27.919305'),
	(11, 'auth', '0006_require_contenttypes_0002', '2023-11-24 16:43:27.921312'),
	(12, 'auth', '0007_alter_validators_add_error_messages', '2023-11-24 16:43:27.927157'),
	(13, 'auth', '0008_alter_user_username_max_length', '2023-11-24 16:43:27.940169'),
	(14, 'auth', '0009_alter_user_last_name_max_length', '2023-11-24 16:43:27.954261'),
	(15, 'auth', '0010_alter_group_name_max_length', '2023-11-24 16:43:27.968032'),
	(16, 'auth', '0011_update_proxy_permissions', '2023-11-24 16:43:27.974328'),
	(17, 'auth', '0012_alter_user_first_name_max_length', '2023-11-24 16:43:27.987968'),
	(18, 'myapp', '0001_initial', '2023-11-24 16:43:28.034393'),
	(19, 'myapp', '0002_intentoproyecto_tomoagua_remove_task_project_and_more', '2023-11-24 16:43:28.315309'),
	(20, 'myapp', '0003_task', '2023-11-24 16:43:28.351956'),
	(21, 'sessions', '0001_initial', '2023-11-24 16:43:28.374890'),
	(22, 'myapp', '0004_elegirrespuesta_pregunta_quizusuario_and_more', '2023-11-26 13:56:48.895936'),
	(23, 'myapp', '0005_verbo_alter_elegirrespuesta_pregunta_and_more', '2023-12-01 17:04:38.818739'),
	(24, 'myapp', '0006_padre_alter_verbo_infinitivo', '2023-12-03 00:15:06.370471'),
	(25, 'myapp', '0007_padre1_alter_verbo_infinitivo_delete_padre', '2023-12-03 00:15:07.190395'),
	(26, 'myapp', '0008_padre_verbos_alter_verbo_infinitivo_delete_padre1', '2023-12-03 00:15:07.460473'),
	(27, 'myapp', '0009_rename_padre_verbos_origen_and_more', '2023-12-03 00:15:07.740325'),
	(28, 'myapp', '0010_alter_verbo_table', '2023-12-03 00:15:07.752550'),
	(29, 'myapp', '0011_alter_verbo_table', '2023-12-03 00:15:07.768830'),
	(30, 'myapp', '0012_alter_verbo_infinitivo', '2023-12-03 00:38:03.079780'),
	(31, 'myapp', '0013_verbosregulares', '2023-12-03 01:16:07.022992'),
	(32, 'myapp', '0014_alter_verbosregulares_table', '2023-12-04 00:59:37.207063'),
	(33, 'myapp', '0015_rename_verbosregulares_verbosirregulares', '2023-12-04 01:04:13.910445'),
	(34, 'myapp', '0016_rename_verbosirregulares_irregular_and_more', '2023-12-04 01:57:58.184129'),
	(35, 'myapp', '0017_adjetivo_remove_task_user_remove_tomoagua_project_and_more', '2023-12-04 12:48:18.971506'),
	(36, 'myapp', '0018_rename_advetivo_adjetivo_adjetivo', '2023-12-04 13:12:04.758340'),
	(37, 'myapp', '0019_gerundio', '2023-12-04 15:14:19.793248'),
	(38, 'myapp', '0020_prueba1_prueba2', '2023-12-05 02:29:33.548893'),
	(39, 'myapp', '0021_prueba_remove_prueba2_prueba2_delete_prueba1_and_more', '2023-12-05 03:04:45.361728'),
	(40, 'myapp', '0022_alter_prueba_table', '2023-12-05 05:09:44.715517'),
	(41, 'myapp', '0023_alter_prueba_table', '2023-12-05 05:13:59.492863'),
	(42, 'myapp', '0024_delete_prueba', '2023-12-05 06:35:19.630197'),
	(43, 'myapp', '0025_prueba_regulares', '2023-12-05 06:37:39.803177'),
	(44, 'myapp', '0026_prueba_regular_delete_prueba_regulares', '2023-12-05 07:23:39.074738'),
	(45, 'myapp', '0027_delete_prueba_regular', '2023-12-05 09:08:39.055237'),
	(46, 'myapp', '0028_prueba_regular', '2023-12-05 09:10:16.836054'),
	(47, 'myapp', '0029_delete_origen', '2023-12-06 19:10:35.321038'),
	(48, 'myapp', '0030_delete_gerundio_delete_verbo_and_more', '2023-12-10 03:16:01.442980'),
	(49, 'myapp', '0031_delete_irregular', '2023-12-10 03:17:18.837362'),
	(50, 'myapp', '0032_irregular', '2023-12-10 03:18:50.162629'),
	(51, 'myapp', '0033_tiempoverbal', '2023-12-10 13:54:18.779185');

-- Dumping data for table basedatos.django_session: ~31 rows (approximately)
INSERT INTO `django_session` (`session_key`, `session_data`, `expire_date`) VALUES
	('01fx3ja2tiow3qu0iwqsv39pvh888bc3', 'e30:1r7Mpk:fu7YUSbqANUS6lwR9xVeM2jfhVjPCMlEAZ7fNjlO7Aw', '2023-12-10 21:38:32.252236'),
	('0brku3jbalnb75crrddt6mrdkgfjjbnn', 'e30:1r9SFE:Fnu4v90Xb3CwAI1BCoEikA_dFP5IWEBHh1UME89ZCp8', '2023-12-16 15:49:28.510158'),
	('1tlj5memvf6t8m457sh8bkddxmbg7ym5', '.eJxVjEEOwiAQRe_C2pBChoG6dO8ZyDADUjU0Ke3KeHdt0oVu_3vvv1Skba1x63mJk6izAlSn3zERP3Lbidyp3WbNc1uXKeld0Qft-jpLfl4O9--gUq_fOpjBBhc8IRYStt6QN8YxcwDhIsxGAmCGhIVHHhMGD4Oz4EkQU1bvDw6nOHg:1rAN8z:urlvDGzNGfphpYFPef_V4SHUGfcNOL3Cta6rACvE-PI', '2023-12-19 04:34:49.149207'),
	('2dodse1hlmdvlqxp30jqmjf1x74tut1q', 'e30:1r7H9x:K2dU3Qbo2t9VLqpdYvnw0XW5kf2b7vcACzlih-DGtC4', '2023-12-10 15:35:01.734590'),
	('6hvoqox3pxssyuhhzd9r16jbs251jfj3', 'e30:1r9gmT:cxY5dO5n0q4GVWdRqBB5LxNX64T7yrSyw9KBzshkSes', '2023-12-17 07:20:45.053541'),
	('6ypi7u9j2ajaoup8lrtpnib1zlh0yzmw', '.eJxVjE0OwiAYBe_C2hAKBcGl-56BfH9I1bRJaVfGu2uTLnT7Zua9VIZtrXlrsuSR1UX5oE6_IwI9ZNoJ32G6zZrmaV1G1LuiD9r0MLM8r4f7d1Ch1W-NKfXWeEc2gnGAfSHDURgdF28NhkhWOAQHPpkzRZHgu2IKdYxJENT7AxYcOPA:1rB140:6ppmfvOgtjS2LMoeBXacl_M8mMWsM49Fj9V2ox-v2rs', '2023-12-20 23:12:20.595740'),
	('71gf2hzm0i0exuazger9pmyz7o6wyjbs', 'e30:1r9goI:ybgxlEk6pMkFLmkK3OGcPXLwmWPNUx19c6pnDpP46Vs', '2023-12-17 07:22:38.043192'),
	('7pfzz9jvddles2i6ayt43po93lh90kuv', 'e30:1r6xgx:AM7mBAGG0jWBF02Pz1fgF_CfgQA-bvz3m0JAXzzApag', '2023-12-09 18:47:47.012985'),
	('9efdt02y52q9motuwmhwyntuect5ma8s', 'e30:1r6yhe:YGiZJjmF2UiTQg7Lvuy_EyAW2QDvaNjzK4eBejNIxqM', '2023-12-09 19:52:34.381897'),
	('brsmhsi5n36eecp1igwce979xm85niy2', 'e30:1r9gVZ:rtm2CkqHkFIruAObDbFcZ0mFkIzQb0Paptgt5gE5EG8', '2023-12-17 07:03:17.023531'),
	('c3mxhvkp8xdxfizl7gjw4ir6jmd5favs', 'e30:1r7cj9:BvMgKz4wvt_HPMi2VfEa-XTXkG2ejrpC3wfOcAP7kWM', '2023-12-11 14:36:47.569403'),
	('cwwxyswtv5maiaz0zyizplpo3w702nha', 'e30:1r6yxV:pJp1pjFdlUgOozvJ9kEzIO40qAKyHUaXKLF-TVcdr_U', '2023-12-09 20:08:57.671067'),
	('em67abgvdnrcrh228wtuj5plbjdj2wr7', '.eJxVjMsOwiAQRf-FtSEOlGFw6b7f0PAYpGogKe3K-O_apAvd3nPOfYnJb2uZts7LNCdxEUqcfrfg44PrDtLd11uTsdV1mYPcFXnQLseW-Hk93L-D4nv51uwieQ0BFCkw9hwIckY07NDpwVGwhCpZ6zSSQoAIRJoHm1QM2RCJ9we0wTaB:1rDbup:y0WsIiMeeQQxTWVw5uvua2NAiXMM4TlNX1WIa90kK9o', '2023-12-28 02:57:35.037784'),
	('gtmy43vuw52ii2jidfhpd5qs7jn8ze4c', '.eJxVjMsOwiAQRf-FtSEOlGFw6b7f0PAYpGogKe3K-O_apAvd3nPOfYnJb2uZts7LNCdxEUqcfrfg44PrDtLd11uTsdV1mYPcFXnQLseW-Hk93L-D4nv51uwieQ0BFCkw9hwIckY07NDpwVGwhCpZ6zSSQoAIRJoHm1QM2RCJ9we0wTaB:1rB3Rv:nowp63hqikqUINXhQtuSaUX_XOQzaNNV68FnMw6OFp4', '2023-12-21 01:45:11.858532'),
	('i7s2ytqnaw28aihhex4czps34ywt4l5r', 'e30:1r9RL8:p5QuoUXG4pVEQ1cmPNAxnECHDBBftuG6u6zyuYYuL6E', '2023-12-16 14:51:30.330160'),
	('ikum667gx1jcbt4bnkxqiwrr7gz2w9vw', 'e30:1r6yzS:JdZVbNVr_8Kz62x6ZfCvqYxekaCfpE23HedHETdlFFw', '2023-12-09 20:10:58.080093'),
	('jfrjw7k932vj03xukzw82qmfokzpe8pt', 'e30:1r6ykc:MTLIwGpEZwkPQcgmm2gOHx9a2RV7bg9xXvSkOBRAiys', '2023-12-09 19:55:38.048986'),
	('l964hnbmq6oht0xvlxyp248eefgmvtkm', 'e30:1r9gnM:ddA5jDyCJuCaN9rSLyrStdeRC37RnQI89rOPzHOf73E', '2023-12-17 07:21:40.335228'),
	('lwx97l3dce08yyqt3goxjgmx06cew51a', 'e30:1r9RMU:N5Gt910DfhVYdwpmW9l0PnnWdaMw46uIR8cv7tOjRnM', '2023-12-16 14:52:54.211688'),
	('m8rebu7zqbhyug1nyvz94yr1nc6pz6r2', 'e30:1r7JqP:F8wsbnXOKiiMVnUrFZAENaS7GCNpI_O_sQlFOrQeb3M', '2023-12-10 18:27:01.599651'),
	('mox8exvdcuu99nujitbzwjumqb97yhs7', '.eJxVjDsOwjAQRO_iGlmOP7GhpOcM1q53jQPIluKkQtydREoBzRTz3sxbRFiXEtfOc5xIXIR14vRbIqQn153QA-q9ydTqMk8od0UetMtbI35dD_fvoEAv2xqzMzopJGWCZmO3yKNCcEwh2-QzOoDR2rMeAgwJvSKHDMlz9hiMFp8vIqs47A:1rAKxt:JoO4fmpdKMkgzU2cB561nwHwfxdUaEUGsegjuwMOg5o', '2023-12-19 02:15:13.105599'),
	('oha03lcp7fdk59brxe3vld2pc6hzpsp9', 'e30:1r6ycW:qJGMl-X_5v0Tc9ZQVSrKr7HTQsHHj_P-te8RC3JMpjA', '2023-12-09 19:47:16.515470'),
	('p1advbycwq9zxtpgtnsi39zh14dcyhm7', 'e30:1r7LpS:WIXGFblSxbPHTm6k4zB2x27mVIu34JU1jCocJJAcyu0', '2023-12-10 20:34:10.559261'),
	('rd8qulwdku2oiufx7vfvtqyvunihocn0', '.eJxVjDsOwyAQRO9CHSF-BjZlep8BLbAEJxGWjF1FuXtsyUVSzrw382YBt7WGrdMSpsyuzBl2-S0jpie1g-QHtvvM09zWZYr8UPhJOx_nTK_b6f4dVOx1X0cBmRyA8JYQNHoZQcropPGmGJX0no0mUNYPXikoA1qdkRSJLEgU9vkC8HA3hw:1rCX9X:RQxyX4VJEKQOZ_z8uUUqFMUklkDOPmdEyNZ3cSZrmTg', '2023-12-25 03:40:19.362385'),
	('rupvvs87qorjbpavwd38ozqjfbkcb5am', 'e30:1r6ymj:pdyv1QOKfKKsGSF5_7mpIoVCL3S__uDWlGPiUyTblpA', '2023-12-09 19:57:49.912294'),
	('rwtjfaxgsi1m1pwhd82sku6hmt4pirwz', 'e30:1r7LIr:aRfjiXgxSXoRymU4XdkmJK89A6Hh91_hBwx8tXD7muY', '2023-12-10 20:00:29.941686'),
	('uorrgxya6mqu5fg0403umc81fw7ysol4', 'e30:1r9RKM:AcZHueXJdgPcL_y3ekatY_mgupnRkPYe9U7PPzyYvLc', '2023-12-16 14:50:42.660326'),
	('wcerfuwlgatnqd1xa9mppa449edlgcon', 'e30:1r9gYU:30iAR0Ma-3tXn9HZ0U_KsyDyZQdwhzhJqqBRTw0gCGQ', '2023-12-17 07:06:18.237961'),
	('wvsf76ry0phnvfdchxows7ujo2clkj99', 'e30:1r6xep:zt1aVf-FKN3iG1EfVshXTeSNGwHomii-EG6FnDLap3s', '2023-12-09 18:45:35.501786'),
	('xvewvlyq2q1u47u0w7gdg8mvtouplldb', 'e30:1r6ylI:3FzxOZklhRQLmeGz2qfHb7aEde6EahSSVnbiOiN81-0', '2023-12-09 19:56:20.397763'),
	('zm4csh2b0fru4ybz1illdb10x6ptwxbm', 'e30:1r7JVc:94CtRIWJ7_g76rgi6hpI8ZMfvvcmfNs6Pe_xGkoGplA', '2023-12-10 18:05:32.568102');

-- Dumping data for table basedatos.irregular: ~3 rows (approximately)
INSERT INTO `irregular` (`id`, `past`, `participe`, `gerundio`, `texto_id`) VALUES
	(2, 'Bought', 'Bought', 'Buying', 57),
	(3, 'Sang', 'Sung', 'Singing', 72),
	(5, 'Began', 'Begun', 'Begining', 87);

-- Dumping data for table basedatos.myapp_elegirrespuesta: ~32 rows (approximately)
INSERT INTO `myapp_elegirrespuesta` (`id`, `correcta`, `texto`, `Pregunta_id`) VALUES
	(57, 1, 'Buy', 15),
	(58, 0, 'Admire', 15),
	(59, 0, 'Add', 15),
	(60, 0, 'Accept', 15),
	(61, 1, 'Sleep', 16),
	(62, 0, 'Jump', 16),
	(63, 0, 'Read', 16),
	(64, 0, 'Talk', 16),
	(65, 1, 'Play', 17),
	(66, 0, 'Tell', 17),
	(67, 0, 'Put', 17),
	(68, 0, 'Mean', 17),
	(69, 0, 'Teach', 18),
	(70, 0, 'Think', 18),
	(71, 0, 'Call', 18),
	(72, 1, 'Sing', 18),
	(73, 1, 'Show', 19),
	(74, 0, 'Begin', 19),
	(75, 0, 'Burn', 19),
	(76, 0, 'Cut', 19),
	(77, 1, 'Study', 20),
	(78, 0, 'Leave', 20),
	(79, 0, 'Build', 20),
	(80, 0, 'Spend', 20),
	(81, 1, 'Stay', 21),
	(82, 0, 'Rain', 21),
	(83, 0, 'Know', 21),
	(84, 0, 'Visit', 21),
	(85, 1, 'Travel', 22),
	(86, 0, 'Write', 22),
	(87, 0, 'Begin', 22),
	(88, 0, 'Show', 22);

-- Dumping data for table basedatos.myapp_pregunta: ~8 rows (approximately)
INSERT INTO `myapp_pregunta` (`id`, `texto`, `max_puntaje`) VALUES
	(15, 'We will ___________ a new house next year.', 3.00),
	(16, 'The cats ___________ on the roof.', 3.00),
	(17, 'I am going to ___________ in the park.', 3.00),
	(18, 'The birds ___________  in the trees every morning.', 3.00),
	(19, 'They will ___________ you the way to the market.', 3.00),
	(20, 'You are going to ___________ to be a lawyer.', 3.00),
	(21, 'We are going to ___________ home tonight.', 3.00),
	(22, 'She wants to ___________ to Europe.', 3.00);

-- Dumping data for table basedatos.myapp_preguntasrespondidas: ~8 rows (approximately)
INSERT INTO `myapp_preguntasrespondidas` (`id`, `correcta`, `puntaje_obtenido`, `pregunta_id`, `quizUser_id`, `respuesta_id`) VALUES
	(152, 1, 3.00, 16, 43, 61),
	(153, 0, 0.00, 17, 43, 67),
	(154, 0, 0.00, 21, 43, 84),
	(155, 0, 0.00, 20, 43, 80),
	(156, 0, 0.00, 19, 43, 76),
	(157, 0, 0.00, 15, 43, 60),
	(158, 1, 3.00, 18, 43, 72),
	(159, 0, 0.00, 22, 43, 88);

-- Dumping data for table basedatos.myapp_quizusuario: ~2 rows (approximately)
INSERT INTO `myapp_quizusuario` (`id`, `puntaje_total`, `usuario_id`) VALUES
	(37, 9.00, 69),
	(43, 6.00, 2);

-- Dumping data for table basedatos.pasado_simple: ~3 rows (approximately)
INSERT INTO `pasado_simple` (`id`, `past`, `participe`, `gerundio`, `texto_id`) VALUES
	(1, 'Called', 'Called', 'Calling', 71),
	(2, 'Bought', 'Bought', 'Buying', 57),
	(3, 'Studied', 'Studied', 'Studying', 77);

-- Dumping data for table basedatos.prueba_regular: ~4 rows (approximately)
INSERT INTO `prueba_regular` (`id`, `past`, `participe`, `gerundio`, `texto_id`) VALUES
	(9, 'Played', 'Played', 'Playing', 65),
	(10, 'Studied', 'Studied', 'Studying', 77),
	(11, 'Jumped', 'Jumped', 'Jumping', 62),
	(13, 'Called', 'Called', 'Calling', 71);

/*!40103 SET TIME_ZONE=IFNULL(@OLD_TIME_ZONE, 'system') */;
/*!40101 SET SQL_MODE=IFNULL(@OLD_SQL_MODE, '') */;
/*!40014 SET FOREIGN_KEY_CHECKS=IFNULL(@OLD_FOREIGN_KEY_CHECKS, 1) */;
/*!40101 SET CHARACTER_SET_CLIENT=@OLD_CHARACTER_SET_CLIENT */;
/*!40111 SET SQL_NOTES=IFNULL(@OLD_SQL_NOTES, 1) */;
